url,bucket,why,triaged_at
https://sites.google.com/view/avishekghosh/home,person,google site,2026-02-15T04:52:08Z
https://arxiv.org/pdf/2510.05573,paper,arxiv,2026-02-15T04:52:08Z
https://anthology.ach.org/volumes/vol0001/introducing-anthology-for-computers-humanities/,paper,ACH anthology,2026-02-15T04:52:08Z
https://foreignaffairs.com/united-states/cost-delusion-artificial-general-intelligence,blog post,article/resource,2026-02-15T04:52:08Z
https://arxiv.org/pdf/2402.15449,paper,arxiv,2026-02-15T04:52:08Z
https://arxiv.org/pdf/2407.14507?,paper,arxiv,2026-02-15T05:16:04Z
https://arxiv.org/pdf/2403.15371,paper,arxiv,2026-02-15T04:56:39Z
https://arxiv.org/abs/2502.11221,paper,arxiv,2026-02-15T04:56:39Z
https://arxiv.org/abs/2406.17513,paper,arxiv,2026-02-15T04:56:39Z
https://arxiv.org/pdf/2407.02209,paper,arxiv,2026-02-15T04:56:39Z
https://aclanthology.org/2024.naacl-long.325.pdf,paper,acl anthology,2026-02-15T04:56:39Z
https://arxiv.org/abs/2402.01761,paper,arxiv,2026-02-15T04:56:39Z
https://huggingface.co/papers/2505.10554,blog post,article/resource,2026-02-15T04:56:39Z
https://checkplease.neocities.org/,blog post,article/resource,2026-02-15T05:10:04Z
https://m.youtube.com/watch?v=MURzTFRRuJQ&pp=0gcJCdgAo7VqN5tD,video,youtube,2026-02-15T05:10:04Z
http://www.mathinbio.com/,blog post,article/resource,2026-02-15T05:10:04Z
https://openpublishing.library.umass.edu/scil/article/2226/galley/2151/download/,person,academic site,2026-02-15T05:10:04Z
https://openpublishing.library.umass.edu/scil/article/2219/galley/2147/download/,person,academic site,2026-02-15T05:10:04Z
https://openpublishing.library.umass.edu/scil/article/2131/galley/2106/download/,person,academic site,2026-02-15T05:10:04Z
https://openpublishing.library.umass.edu/scil/article/2136/galley/2112/download/,person,academic site,2026-02-15T05:10:04Z
https://openpublishing.library.umass.edu/scil/article/2222/galley/2148/download/,person,academic site,2026-02-15T05:10:04Z
https://www.google.com/search?q=inquisitive.belief+theiry&ie=UTF-8&oe=UTF-8&hl=en-us&client=safari&sei=ziVhaa_FPKK4qtsPh-H-8Ac,probably not important,google search,2026-02-15T05:16:04Z
https://www.foreignaffairs.com/united-states/cost-delusion-artificial-general-intelligence?utm_campaign=bs&utm_content=&utm_medium=social&utm_source=bluesky,blog post,article/resource,2026-02-15T05:16:04Z
https://watermark.silverchair.com/coli_a_00530.pdf?token=AQECAHi208BE49Ooan9kkhW_Ercy7Dm3ZL_9Cf3qfKAc485ysgAAAzcwggMzBgkqhkiG9w0BBwagggMkMIIDIAIBADCCAxkGCSqGSIb3DQEHATAeBglghkgBZQMEAS4wEQQMLZIUJ65rarxW8HKdAgEQgIIC6iG6kRukuDU0X0JEerEvpPHHhCKfoRXEeShbzYgtBUeQ-0M_emEG_USfwLpPZrlilZBFqT3go_e7_M9Ak0sNFpUSlrfhtbDCLb0kz_uaB-Yp7Ehgvwcz_bmrtayfA1Bbr9qJ10Sf_8r5lzB0ach0-1QCwQ_CWU_ebB0HvgXwlBbNufa5LUP3-bsTt8PRFO6dG7-yJhyTyqAdOulayvNj7r9b8Cut-F-AYeydhMFHMuCCpH_yxD1FWqwdEcOSpucyxjNWEPiEWe9LO1GbPI6aZ7RGn61scx2_ju2xQ-avMV4K1K_06s_ZNu6nXRkuVa-4Olj3ifwlr_9VN93BKK-RM_jha9NLzJOfF-nCKuKCpPHZzNhzFqhk09RldnOkoM81qkckyicKbnJWCv4BoGIj8pJH6IrXKiAdZqAoSapi7CuCYCnrphMcWAZivwQwiX-KJmQXbAMhEEZR09Utr_G8UV95qYSO1gyu3MO8kueGkumY53ERcwxKCqpEChHltXq__xlhiC2Yk40VnRxwvMXRDXBiDjNsS0fZoi1cEuTe-Oitjskx_3t2qQA4xljjo5VBQfIpx0JwkqKNMTqUhq4cpTUQsigG0vpl675zMX-Aw-sD5_QJwg0BlsrCWI0SmqIbixL3_8try5WfltvGeqK-U6w5l1biTqQD5B4b3dnPSSqFFe2-yReZIzFAzstWY_IxLlv4TrMjA4hvc_GZ9qspJYznBjJn8-Q1kWONmKp6AHB-Zj4brD50xaMkw6hTJogvWwsUPWLtj6Y-vNW5BhWRxbKKscnmVlYA6DEyVfNZrQHZ3PpADyBO_SIh9GdEuwVVjIOyIV_5t0dgJ01LhWJFf74dfH6Ic-GUqHZUIdnD1uzUU5fxxd0LiJ7t06s-eaP2G6eiX20Erefj8DdGbPHsAqNCNxKtBjrUAIPi6Rsl5em7WCmXHIzrGLMElFvGaypV7DMWj_dj7D-5cEGljDZYYYqDHOk14Jb3stbf,blog post,article/resource,2026-02-15T05:16:04Z
https://www.imperial.ac.uk/events/194267/i-x-seminar-logically-consistent-deep-learning-with-dr-antonio-vergari/,person,academic site,2026-02-15T05:22:36Z
https://theconversation.com/im-a-neuroscientist-who-taught-rats-to-drive-their-joy-suggests-how-anticipating-fun-can-enrich-human-life-239029,blog post,article/resource,2026-02-15T05:22:36Z
http://bactra.org/notebooks/cybernetics.html,blog post,article/resource,2026-02-15T05:22:36Z
https://www.uwindsor.ca/law/sites/uwindsor.ca.law/files/resistingtechnofascism-web.pdf,blog post,article/resource,2026-02-15T05:22:36Z
https://arxiv.org/pdf/2504.11381,paper,arxiv,2026-02-15T05:56:45Z
https://www.intology.ai/blog/zochi-acl,blog post,blog/article,2026-02-15T05:56:45Z
https://arxiv.org/pdf/2505.17080,paper,arxiv,2026-02-15T05:56:45Z
https://pluralistic.net/2025/05/27/rancid-vibe-coding/#class-war,blog post,blog/article,2026-02-15T05:56:45Z
https://brinkley.blog/2024/07/07/habermas-on-intersubjectivity/,blog post,blog/article,2026-02-15T05:56:45Z
https://www.conspicuouscognition.com/p/why-do-people-believe-true-things,blog post,article/resource,2026-02-15T05:56:45Z
https://www.bloodinthemachine.com/p/the-ai-jobs-apocalypse-is-for-the?utm_medium=android&triedRedirect=true,blog post,article/resource,2026-02-15T05:56:45Z
https://bayescomp2025.sg/#programme,blog post,article/resource,2026-02-15T05:56:45Z
https://mail.cyberneticforests.com/human-noise-ai-filters-mr-watson-come-here/?ref=cybernetic-forests-newsletter,blog post,article/resource,2026-02-15T05:56:45Z
https://m.youtube.com/watch?v=tEiS9in87vA,video,youtube,2026-02-15T05:56:45Z
https://arxiv.org/abs/2506.00911,paper,arxiv,2026-02-15T05:56:45Z
https://arxiv.org/abs/2506.02210,paper,arxiv,2026-02-15T05:56:45Z
https://www.theatlantic.com/magazine/archive/2025/07/government-privatization-feudalism/682888/?gift=KKqpNXyIKUBM73pHg9O1wcI7hRX5ufHTJtyLFFFK9z4&utm_source=copy-link&utm_medium=social&utm_campaign=share,blog post,article/resource,2026-02-15T05:56:45Z
https://www.thetransmitter.org/brain-inspired/what-do-neuroscientists-mean-when-they-use-the-term-representation/,blog post,article/resource,2026-02-15T05:56:45Z
https://arxiv.org/pdf/2506.01876,paper,arxiv,2026-02-15T05:56:45Z
https://www.wired.com/story/google-deepminds-ceo-demis-hassabis-thinks-ai-will-make-humans-less-selfish/,blog post,article/resource,2026-02-15T05:56:45Z
https://arxiv.org/abs/2506.02095,paper,arxiv,2026-02-15T05:56:45Z
https://arxiv.org/abs/2506.00052,paper,arxiv,2026-02-15T05:56:45Z
https://www.noemamag.com/ai-signals-the-death-of-the-author/,blog post,article/resource,2026-02-15T05:56:45Z
https://arxiv.org/abs/2412.12276,paper,arxiv,2026-02-15T05:56:45Z
https://arxiv.org/abs/2506.02147,paper,arxiv,2026-02-15T05:56:45Z
https://arxiv.org/abs/2505.19167,paper,arxiv,2026-02-15T05:56:45Z
https://arxiv.org/abs/2502.02508,paper,arxiv,2026-02-15T05:56:45Z
https://arxiv.org/abs/2505.11855,paper,arxiv,2026-02-15T05:56:45Z
https://arxiv.org/pdf/2505.22202,paper,arxiv,2026-02-15T05:56:45Z
https://mitpress.mit.edu/9780262550284/the-closed-world/,book,publisher page,2026-02-15T05:56:45Z
https://www.theatlantic.com/technology/archive/2025/06/everything-app-big-tech-ai-endgame/683024/,blog post,article/resource,2026-02-15T05:56:45Z
https://openreview.net/pdf?id=wK7wUdiM5g0,paper,openreview,2026-02-15T05:56:45Z
"https://arxiv.org/abs/2104.06486#:~:text=and%20aggregate%20contradictory%20evidence%20across,available%20at%20this%20https%20URL",paper,arxiv,2026-02-15T05:56:45Z
https://www.wired.com/story/youre-not-ready-for-phone-dead-zones/,blog post,article/resource,2026-02-15T05:56:45Z
https://www.oneusefulthing.org/p/the-lazy-tyranny-of-the-wait-calculation,blog post,article/resource,2026-02-15T05:56:45Z
https://www.reddit.com/r/suggestmeabook/comments/1ayx7p0/6_year_old_recs_for_graphic_novels/,blog post,article/resource,2026-02-15T05:56:45Z
https://www.google.com/search?q=tea+dragon+societ&ie=UTF-8&oe=UTF-8&hl=en-us&client=safari#ebo=0,probably not important,google search,2026-02-15T05:56:45Z
https://www.google.com/search?q=Big+Tree+(Brian+Selznick).&ie=UTF-8&oe=UTF-8&hl=en-us&client=safari#ebo=0,probably not important,google search,2026-02-15T05:56:45Z
https://simonwillison.net/2025/Jun/7/comma/,blog post,blog/article,2026-02-15T05:56:45Z
https://www-cdn.anthropic.com/58284b19e702b49db9302d5b6f135ad8871e7658.pdf,blog post,article/resource,2026-02-15T05:56:45Z
https://www.technologyreview.com/2025/05/20/1116327/ai-energy-usage-climate-footprint-big-tech/,blog post,article/resource,2026-02-15T05:56:45Z
https://www.commoncrowbooks.com/checkout.php,probably not important,checkout link,2026-02-15T05:56:45Z
https://codepoetics.substack.com/p/ai-as-symbolic-prosthesis,blog post,article/resource,2026-02-15T05:56:45Z
https://www.alphaxiv.org/pdf/2505.23836,blog post,article/resource,2026-02-15T05:56:45Z
https://languagemechanics.neocities.org/no-gen-ai,blog post,article/resource,2026-02-15T05:56:45Z
https://arxiv.org/pdf/2505.23381,paper,arxiv,2026-02-15T05:56:45Z
https://www.technologyreview.com/supertopic/ai-energy-package/,blog post,article/resource,2026-02-15T05:56:45Z
https://fortune.com/2025/05/25/ai-entry-level-jobs-gen-z-careers-young-workers-linkedin/,blog post,article/resource,2026-02-15T05:56:45Z
https://www.simplypsychology.org/availability-heuristic.html?utm_source=chatgpt.com,blog post,article/resource,2026-02-15T05:56:45Z
https://arxiv.org/pdf/2506.05068,paper,arxiv,2026-02-15T05:56:45Z
https://www.nature.com/articles/s42256-025-01049-z,paper,journal,2026-02-15T05:56:45Z
https://arxiv.org/pdf/2305.17529#page10,paper,arxiv,2026-02-15T05:56:45Z
https://arxiv.org/pdf/2310.00785,paper,arxiv,2026-02-15T05:56:45Z
https://cid.nada.kth.se/en/HeideggerianAI.pdf,blog post,article/resource,2026-02-15T05:56:45Z
https://arstechnica.com/ai/2025/06/with-the-launch-of-o3-pro-lets-talk-about-what-ai-reasoning-actually-does/?utm_source=bsky&utm_medium=social,blog post,article/resource,2026-02-15T05:56:45Z
https://github.com/zacharykstine/stine_deitrick_navigating_interpretive_spaces_across_models/blob/main/poster.pdf,person,github org/repo,2026-02-15T05:56:45Z
https://www.technologyreview.com/2025/06/11/1118233/amsterdam-fair-welfare-ai-discriminatory-algorithms-failure/,blog post,article/resource,2026-02-15T05:56:45Z
https://2025.ccneuro.org/local-meetups/,blog post,article/resource,2026-02-15T05:56:45Z
https://sergeylevine.substack.com/p/language-models-in-platos-cave?utm_campaign=post&utm_medium=web&triedRedirect=true,blog post,article/resource,2026-02-15T05:56:45Z
https://arxiv.org/pdf/2506.09813,paper,arxiv,2026-02-15T05:56:45Z
https://www.routledge.com/Introduction-to-Ecological-Psychology-A-Lawful-Approach-to-Perceiving-Acting-and-Cognizing/Blau-Wagman/p/book/9780367703240?srsltid=AfmBOopHxPtHCua8aZaMOJqTMI6WdKkKFnICSBOeizku-firSYQUKEos,book,publisher page,2026-02-15T05:56:45Z
https://www.cambridge.org/core/journals/behavioral-and-brain-sciences/article/abs/dead-rats-dopamine-performance-metrics-and-peacock-tails-proxy-failure-is-an-inherent-risk-in-goaloriented-systems/89408A43F6D14BFD368FE5225A573032,blog post,article/resource,2026-02-15T05:56:45Z
https://xphi.net/2025/06/03/experimenting-with-guesses/,blog post,blog/article,2026-02-15T05:56:45Z
https://www.google.com/search?q=icml&ie=UTF-8&oe=UTF-8&hl=en-us&client=safari,probably not important,google search,2026-02-15T05:56:45Z
https://www.scientificamerican.com/article/inside-the-secret-meeting-where-mathematicians-struggled-to-outsmart-ai/,blog post,article/resource,2026-02-15T05:56:45Z
https://www.dwarkesh.com/p/ege-tamay,blog post,article/resource,2026-02-15T05:56:45Z
https://nostalgebraist.tumblr.com/post/785766737747574784/the-void,blog post,article/resource,2026-02-15T05:56:45Z
https://www.notesfromthecircus.com/p/the-emergency-we-cannot-feel-on-the,blog post,article/resource,2026-02-15T05:56:45Z
https://m.youtube.com/watch?v=FWjR6_qYJAw,video,youtube,2026-02-15T05:56:45Z
https://data4democracy.substack.com/p/how-to-dismantle-a-democracy-one,blog post,article/resource,2026-02-15T05:56:45Z
https://joshuasweitz.substack.com/p/the-white-house-vision-for-dismantling,blog post,article/resource,2026-02-15T05:56:45Z
https://mitpress.mit.edu/9780262526524/the-shape-of-actions/,book,publisher page,2026-02-15T05:56:45Z
https://www.amazon.com/Technics-Civilization-Lewis-Mumford/dp/0226550273,book,amazon,2026-02-15T05:56:45Z
https://www.upress.umn.edu/9780816690435/mechanization-takes-command/,book,publisher page,2026-02-15T05:56:45Z
https://globalventuring.com/corporate/europe/the-small-open-source-ai-startups-taking-on-the-big-developers/,blog post,article/resource,2026-02-15T05:56:45Z
https://vaishnavh.github.io/blog/history-of-science/index.html,blog post,blog/article,2026-02-15T05:56:45Z
https://www.phillipcarter.dev/posts/llms-computers,blog post,blog/article,2026-02-15T05:56:45Z
https://landing.packtpub.com/mathematics-of-machine-learning/,blog post,article/resource,2026-02-15T06:15:50Z
https://press.uchicago.edu/ucp/books/book/chicago/D/bo10509859.html,person,academic site,2026-02-15T06:15:50Z
https://simonwillison.net/2025/Jun/14/multi-agent-research-system/,blog post,blog/article,2026-02-15T06:15:50Z
https://opendata.ljmu.ac.uk/id/eprint/6/,person,academic site,2026-02-15T06:15:50Z
https://www.techpolicy.press/the-moral-lighthouse-artificial-intelligence-and-the-world-we-want/,blog post,article/resource,2026-02-15T06:15:50Z
https://realizable.substack.com/p/daniel-dennett-1942-2024,blog post,article/resource,2026-02-15T06:15:50Z
https://alignment-science-blog.pages.dev/2025/unsupervised-elicitation/,blog post,blog/article,2026-02-15T06:15:50Z
https://substack.com/@elvissaravia/note/c-123381656?utm_source=feed-email-digest,blog post,article/resource,2026-02-15T06:15:50Z
https://arxiv.org/pdf/2505.13898,paper,arxiv,2026-02-15T06:15:50Z
https://arxiv.org/pdf/2309.07382,paper,arxiv,2026-02-15T06:15:50Z
https://arxiv.org/pdf/2303.03948,paper,arxiv,2026-02-15T06:15:50Z
https://arxiv.org/pdf/2501.09993,paper,arxiv,2026-02-15T06:15:50Z
https://en.m.wikipedia.org/wiki/Project_management#Project_complexity,blog post,article/resource,2026-02-15T06:15:50Z
https://www.goodreads.com/book/show/1835789.On_Communicating,book,goodreads,2026-02-15T06:15:50Z
https://www.amazon.com/dp/B0B9WM1JMW?ref_=dbs_ios_get_book,book,amazon,2026-02-15T06:15:50Z
https://arxiv.org/pdf/2406.05079,paper,arxiv,2026-02-15T06:15:50Z
https://letterboxd.com/kmjones234/film/floating-clouds/,blog post,article/resource,2026-02-15T06:15:50Z
https://arxiv.org/abs/2401.00210,paper,arxiv,2026-02-15T06:15:50Z
https://arxiv.org/abs/2505.09825,paper,arxiv,2026-02-15T06:15:50Z
https://fortune.com/2025/06/22/scale-ai-millennial-billionaire-lucy-guo-warning-work-life-balance-gen-z-wrong-job-career/,blog post,article/resource,2026-02-15T06:15:50Z
https://www.nybooks.com/articles/2025/06/12/electrome-dreams-we-are-electric-sally-adee/,blog post,article/resource,2026-02-15T06:15:50Z
https://realizable.substack.com/p/how-to-do-things-with-words,blog post,article/resource,2026-02-15T06:15:50Z
https://russpoldrack.substack.com/p/defensive-coding,blog post,article/resource,2026-02-15T06:15:50Z
http://bactra.org/weblog/699.html,blog post,article/resource,2026-02-15T06:15:50Z
https://rbnmckenna86.substack.com/p/2025-reading-part-1?r=2fji0r&utm_campaign=post&utm_medium=web&triedRedirect=true,blog post,article/resource,2026-02-15T06:15:50Z
https://press.princeton.edu/books/ebook/9780691235073/how-progress-ends,book,publisher page,2026-02-15T06:15:50Z
https://shows.acast.com/the-ned-ludd-radio-hour/episodes/whos-afraid-of-artificial-intelligence,blog post,article/resource,2026-02-15T06:15:50Z
https://www.nature.com/articles/s43588-025-00819-4.pdf,paper,journal,2026-02-15T06:15:50Z
https://www.science.org/doi/10.1126/science.adt9819,paper,journal,2026-02-15T06:15:50Z
https://arxiv.org/pdf/2505.10573,paper,arxiv,2026-02-15T06:15:50Z
https://en.m.wikipedia.org/wiki/The_Order_of_Things,blog post,article/resource,2026-02-15T06:15:50Z
https://medium.com/@tahaymerghani/the-dark-side-of-academia-mental-health-mentorship-and-the-unspoken-struggles-of-an-nlp-c25adbd9a2e6,blog post,article/resource,2026-02-15T06:15:50Z
https://ea.rna.nl/2024/05/27/when-chatgpt-summarises-it-actually-does-nothing-of-the-kind/,blog post,article/resource,2026-02-15T06:15:50Z
https://arxiv.org/abs/2506.02153,paper,arxiv,2026-02-15T06:15:50Z
https://letterboxd.com/kmjones234/list/dude-wheres-my-purpose/,blog post,article/resource,2026-02-15T06:15:50Z
https://ksagar.bearblog.dev/vjepa/,blog post,blog/article,2026-02-15T06:15:50Z
https://www.machinelearningforscience.de/en/scholar-inbox-personalized-research-recommendations/,blog post,article/resource,2026-02-15T06:15:50Z
https://arxiv.org/abs/2506.18819,paper,arxiv,2026-02-15T06:15:50Z
https://arxiv.org/abs/2506.19607,paper,arxiv,2026-02-15T06:15:50Z
https://arxiv.org/abs/2505.15024,paper,arxiv,2026-02-15T06:15:50Z
https://tedunderwood.com/2025/07/02/a-more-interesting-upside-of-ai/,blog post,article/resource,2026-02-15T06:15:50Z
https://aeon.co/essays/can-computers-think-no-they-cant-actually-do-anything,blog post,article/resource,2026-02-15T06:15:50Z
https://drownedchipmunk.com/2025/07/02/why-dont-students-like-school/,blog post,article/resource,2026-02-15T06:15:50Z
https://allenai.org/blog/omega,blog post,article/resource,2026-02-15T06:15:50Z
https://arxiv.org/abs/2403.13106,paper,arxiv,2026-02-15T06:15:50Z
https://www.math3ma.com/blog/what-is-a-good-quantum-encoding-part-1,blog post,article/resource,2026-02-15T06:15:50Z
https://arxiv.org/abs/2507.03726,paper,arxiv,2026-02-15T06:15:50Z
https://www.jesshamrick.com/,blog post,article/resource,2026-02-15T06:15:50Z
https://arxiv.org/pdf/2507.02145,paper,arxiv,2026-02-15T06:15:50Z
https://fivebooks.com/best-books/narrative-nonfiction-samira-shackle/,book,book list/recommendations,2026-02-15T06:15:50Z
https://mapgenie.io/grand-theft-auto-san-andreas/maps/san-andreas,blog post,blog/article,2026-02-15T06:15:50Z
https://jacobin.com/2025/07/grok-antisemitism-conspiracy-theories-musk,blog post,article/resource,2026-02-15T06:15:50Z
https://www.cavesofqud.com/,blog post,article/resource,2026-02-15T06:15:50Z
https://sites.google.com/view/moss2025,person,google site,2026-02-15T06:15:50Z
https://arxiv.org/pdf/2502.01612,paper,arxiv,2026-02-15T06:15:50Z
https://gwern.net/ai-daydreaming,person,homepage/org,2026-02-15T06:15:50Z
https://gracekind.net/writing/ideonomy/intro/,blog post,blog/article,2026-02-15T06:15:50Z
https://gracekind.net/blog/verifiableinference/,blog post,blog/article,2026-02-15T06:15:50Z
https://www.argmin.net/p/the-unpredictability-conundrum,blog post,blog/article,2026-02-15T06:15:50Z
https://www.science.org/doi/10.1126/science.adz3267,paper,journal,2026-02-15T06:36:08Z
https://m.youtube.com/watch?si=icYZ8kMA3sX6_15o&v=tCsl6ZcY9ag&feature=youtu.be,video,youtube,2026-02-15T06:36:08Z
https://m.youtube.com/watch?v=U9TK65sVI_4&pp=0gcJCcwJAYcqIYzv,video,youtube,2026-02-15T06:36:08Z
https://m.youtube.com/watch?v=kEB11PQ9Eo8,video,youtube,2026-02-15T06:36:08Z
https://beenkim.github.io/,person,homepage/org,2026-02-15T06:36:08Z
https://www.academia.edu/,person,academic site,2026-02-15T06:36:08Z
https://www.academia.edu/2093053/_%C5%8Ctsuka_Eiji_and_Narrative_Consumption_An_Introduction_to_World_and_Variation_in_Mechademia_5_2010_,person,academic site,2026-02-15T06:36:08Z
https://thoughtforms.life/halleys-method-fractal-art/,blog post,blog/article,2026-02-15T06:36:08Z
https://en.m.wikipedia.org/wiki/A_Different_Man,blog post,article/resource,2026-02-15T06:36:08Z
https://donmoynihan.substack.com/p/revisiting-the-origins-of-civic-tech,blog post,article/resource,2026-02-15T06:36:08Z
https://job-boards.greenhouse.io/deepmind/jobs/7081281,blog post,blog/article,2026-02-15T06:36:08Z
https://link.springer.com/article/10.1007/s11229-011-0023-5,paper,journal,2026-02-15T06:36:08Z
https://m.youtube.com/watch?v=LFIqvV1u35A,video,youtube,2026-02-15T06:36:08Z
https://qntm.org/mmacevedo,blog post,article/resource,2026-02-15T06:36:08Z
https://www.theguardian.com/commentisfree/2025/jul/20/learning-disabled-people-book-winterbourne-view?utm_term=Autofeed&CMP=bsky_gu&utm_source=Bluesky&utm_medium#Echobox=1753095307,blog post,article/resource,2026-02-15T06:36:08Z
https://nbhansen.dk/2025-07-22-A-Wild-Raspberry-Pi5-selfhosting-solution-appears/,blog post,article/resource,2026-02-15T06:36:08Z
https://crimereads.com/fair-play-puzzle-mysteries/,blog post,article/resource,2026-02-15T06:36:08Z
https://aclanthology.org/2025.wnu-1.12/,paper,acl anthology,2026-02-15T06:36:08Z
https://www.google.com/search?client=safari&sca_esv=ea95677d27d0a3ef&hl=en-us&q=%22poetry%22+mech+interp+llm&sa=X&ved=2ahUKEwiGx6aW59iOAxWcnGoFHc4SLBMQ5t4CegQINxAB&biw=390&bih=745&dpr=3,probably not important,google search,2026-02-15T06:36:08Z
https://www.anthropic.com/research/tracing-thoughts-language-model,blog post,article/resource,2026-02-15T06:36:08Z
https://arxiv.org/pdf/2407.06501,paper,arxiv,2026-02-15T06:36:08Z
https://blogs.sydneysbuzz.com/30-essential-iranian-films-to-watch-in-honor-of-nowruz-persian-new-year-8d0edfe82bf0,blog post,article/resource,2026-02-15T06:36:08Z
https://arxiv.org/pdf/2406.03689,paper,arxiv,2026-02-15T06:36:08Z
https://arxiv.org/pdf/1805.04770,paper,arxiv,2026-02-15T06:36:08Z
https://arxiv.org/pdf/2409.02465,paper,arxiv,2026-02-15T06:36:08Z
https://arxiv.org/abs/2501.00070,paper,arxiv,2026-02-15T06:36:08Z
https://www.theguardian.com/environment/2025/aug/02/self-termination-history-and-future-of-societal-collapse,blog post,article/resource,2026-02-15T06:36:08Z
https://openreview.net/pdf?id=ysXgGPNzR1,paper,openreview,2026-02-15T06:36:08Z
https://arxiv.org/pdf/2508.06950,paper,arxiv,2026-02-15T06:36:08Z
https://ideocene.net/2025/02/07/creep-mapping-on-the-complexity-of-visualizing-fictional-spaces-from-horror-films/,blog post,blog/article,2026-02-15T06:36:08Z
https://arxiv.org/abs/2508.09848,paper,arxiv,2026-02-15T06:36:08Z
https://www.fastcompany.com/91384078/nothing-about-ai-is-inevitable-historian-mar-hicks-on-rejecting-the-future-were-being-sold,blog post,article/resource,2026-02-15T06:36:08Z
https://ma-lab-berkeley.github.io/deep-representation-learning-book/,blog post,blog/article,2026-02-15T06:36:08Z
https://aeon.co/essays/how-to-be-yourself-when-you-have-no-self-lessons-from-zhuangzi?fbclid=IwY2xjawMjhsRleHRuA2FlbQIxMABicmlkETE0eHN0QnZvY1IwY3ZzcnJpAR6gpkdKDdHv13O9IOAq2rkSfESJJZ_RFMDPbDJ9vuN3cyyAi8OCbW3rezn2TQ_aem_SmX50Rzj5H39rQbJozpAPg,blog post,article/resource,2026-02-15T06:36:08Z
https://philarchive.org/rec/HOEMRA-2,blog post,article/resource,2026-02-15T06:36:08Z
https://matthewjacksonwrites.com/two-by-valkyrie-loughcrewe-decrepit-ritual-and-puppets-banquet/,blog post,article/resource,2026-02-15T06:36:08Z
https://candidate.hr-manager.net/ApplicationInit.aspx/?cid=1307&departmentId=18970&ProjectId=164789&MediaId=5&SkipAdvertisement=false,blog post,blog/article,2026-02-15T06:36:08Z
https://arxiv.org/pdf/2406.03442,paper,arxiv,2026-02-15T06:36:08Z
https://arxiv.org/pdf/2508.14802,paper,arxiv,2026-02-15T06:36:08Z
https://arxiv.org/html/2405.15943v1,paper,arxiv,2026-02-15T06:36:08Z
https://www.topoi.net/wp-content/uploads/2012/12/How_Do_We_Recognize_Structuralism.pdf,blog post,blog/article,2026-02-15T06:36:08Z
https://arxiv.org/abs/2507.16806,paper,arxiv,2026-02-15T06:36:08Z
https://www.economist.com/business/2025/09/08/faith-in-god-like-large-language-models-is-waning?fbclid=IwY2xjawMsbNZleHRuA2FlbQIxMQABHmir8O1iTEeH6PIpGY91JnQIs-eBTVEFnfWPQpDhorLO3mD6UbJSzWNmIH9c_aem_zA-dT5peKmmRGYoXzV7M6Q,blog post,article/resource,2026-02-15T06:36:08Z
https://quire.io/pricing,person,homepage/org,2026-02-15T06:36:08Z
https://docs.github.com/en/issues/planning-and-tracking-with-projects/learning-about-projects/quickstart-for-projects,person,github org/repo,2026-02-15T06:36:08Z
https://www.nytimes.com/2024/02/07/books/review/literary-theory-for-robots-dennis-yi-tenen.html?unlocked_article_code=1.ZU8.FS3F.tPs5pVLprhxR&smid=nytcore-ios-share&referringSource=articleShare,blog post,article/resource,2026-02-15T06:36:08Z
https://joincolossus.com/article/ai-will-not-make-you-rich/,blog post,article/resource,2026-02-15T06:36:08Z
https://www.learningscientists.org/blog/2025/9/18,blog post,article/resource,2026-02-15T06:36:08Z
https://www.versobooks.com/products/3372-the-story-of-capital,book,publisher page,2026-02-15T06:36:08Z
https://proceedings.neurips.cc/paper_files/paper/2024/hash/820c61a0cd419163ccbd2c33b268816e-Abstract-Conference.html,blog post,article/resource,2026-02-15T06:36:08Z
https://vladchituc.substack.com/p/and-what-do-you-think-we-do,blog post,article/resource,2026-02-15T06:36:08Z
https://arxiv.org/pdf/2509.00248,paper,arxiv,2026-02-15T06:36:08Z
https://ishapuri.github.io/,person,homepage/org,2026-02-15T06:36:08Z
https://rl-calibration.github.io/,person,homepage/org,2026-02-15T06:36:08Z
https://arxiv.org/abs/2310.07923,paper,arxiv,2026-02-15T06:55:20Z
https://arxiv.org/pdf/2509.15560,paper,arxiv,2026-02-15T06:55:20Z
https://arxiv.org/pdf/2509.21547,paper,arxiv,2026-02-15T06:55:20Z
https://arxiv.org/pdf/2505.20295,paper,arxiv,2026-02-15T06:55:20Z
https://abuseofnotation.github.io/category-theory-illustrated/11_natural_transformations/,blog post,blog/article,2026-02-15T06:55:20Z
https://allenai.org/blog/asta-datavoyager,blog post,article/resource,2026-02-15T06:55:20Z
https://arxiv.org/pdf/2509.23108,paper,arxiv,2026-02-15T06:55:20Z
https://centralflows.github.io/,person,homepage/org,2026-02-15T06:55:20Z
https://www.criterionchannel.com/prisioneros-de-la-tierra,blog post,article/resource,2026-02-15T06:55:20Z
https://www.bloodinthemachine.com/p/ai-is-an-attack-from-above-on-wages/comments,blog post,article/resource,2026-02-15T06:55:20Z
https://arxiv.org/pdf/2510.00184,paper,arxiv,2026-02-15T06:55:20Z
https://www.persuasion.community/p/david-bau,blog post,article/resource,2026-02-15T06:55:20Z
https://www.bloodinthemachine.com/p/ai-is-an-attack-from-above-on-wages,blog post,article/resource,2026-02-15T06:55:20Z
https://hrsimulator.communicationgames.ai/about,person,homepage/org,2026-02-15T06:55:20Z
https://thinkingmachines.ai/blog/modular-manifolds/,blog post,blog/article,2026-02-15T06:55:20Z
https://en.m.wikipedia.org/wiki/Jeanne_Mance,blog post,article/resource,2026-02-15T06:55:20Z
https://aclanthology.org/2021.emnlp-main.26/,paper,acl anthology,2026-02-15T06:55:20Z
https://www.google.com/search?q=cognitive+narratolou&ie=UTF-8&oe=UTF-8&hl=en-us&client=safari,probably not important,google search,2026-02-15T06:55:20Z
https://jan.ucc.nau.edu/~sj6/Spivak%20CanTheSubalternSpeak.pdf,person,academic site,2026-02-15T06:55:20Z
https://wires.onlinelibrary.wiley.com/doi/10.1002/wcs.1651,paper,journal,2026-02-15T06:55:20Z
https://interplay-workshop.github.io/schedule.html,person,homepage/org,2026-02-15T06:55:20Z
https://sites.google.com/andrew.cmu.edu/nlp4democracy/schedule,person,google site,2026-02-15T06:55:20Z
https://ahdavies6.github.io/publications,person,homepage/org,2026-02-15T06:55:20Z
https://www.google.com/search?q=span+probing&ie=UTF-8&oe=UTF-8&hl=en-us&client=safari,probably not important,google search,2026-02-15T06:55:20Z
https://books.google.ca/books?id=wF-1EAAAQBAJ&pg=PA166&dq=ryan+nefdt&hl=en&newbks=1&newbks_redir=0&source=gb_mobile_search&sa=X&ved=2ahUKEwiypr_4wZqQAxUbMVkFHRcBBtwQ6AF6BAgJEAM#v=onepage&q=ryan%20nefdt&f=false,blog post,article/resource,2026-02-15T06:55:20Z
https://arxiv.org/pdf/1905.06316,paper,arxiv,2026-02-15T06:55:20Z
https://efi.ed.ac.uk/event/ctmf-flagship-lecture-wisdom-for-an-artificial-age/,person,academic site,2026-02-15T06:55:20Z
https://www.the74million.org/article/the-post-pandemic-promise-of-high-impact-tutoring/,blog post,article/resource,2026-02-15T06:55:20Z
https://arxiv.org/pdf/2503.22362,paper,arxiv,2026-02-15T06:55:20Z
https://arstechnica.com/ai/2025/10/are-you-the-asshole-of-course-not-quantifying-llms-sycophancy-problem/,blog post,article/resource,2026-02-15T06:55:20Z
https://mitpress.mit.edu/9780262050944/the-hypocrisy-trap/,book,publisher page,2026-02-15T06:55:20Z
https://www.psychologytoday.com/us/blog/an-interpersonal-lens/202510/how-chronic-disappointment-rewires-the-brain,blog post,article/resource,2026-02-15T06:55:20Z
https://press.princeton.edu/books/paperback/9780691255545/liberalism-as-a-way-of-life,book,publisher page,2026-02-15T06:55:20Z
https://aclanthology.org/P14-1132.pdf,paper,acl anthology,2026-02-15T06:55:20Z
https://aeon.co/essays/john-rawls-liberalism-and-what-it-means-to-live-a-good-life,blog post,article/resource,2026-02-15T06:55:20Z
https://www.wired.com/magazine/,blog post,article/resource,2026-02-15T06:55:20Z
https://idrottsforum.org/carbo_stenros-montola251105/,blog post,article/resource,2026-02-15T06:55:20Z
https://thereader.mitpress.mit.edu/what-socialism-got-right/,person,academic site,2026-02-15T06:55:20Z
https://fivebooks.com/best-books/tech-ethics-tom-chatfield-technology/,book,book list/recommendations,2026-02-15T06:55:20Z
https://lasala.ai/program/,blog post,blog/article,2026-02-15T06:55:20Z
https://cameronrwolfe.substack.com/p/reward-models,blog post,article/resource,2026-02-15T06:55:20Z
https://openreview.net/pdf?id=Ycred6ETQR,paper,openreview,2026-02-15T06:55:20Z
https://carlhendrick.substack.com/p/the-algorithmic-turn-the-emerging,blog post,article/resource,2026-02-15T06:55:20Z
https://books.google.com/books?id=AjFXDgAAQBAJ&pg=PT266&dq=alone+together+why+we+expect&hl=en&newbks=1&newbks_redir=0&source=gb_mobile_search&sa=X&ved=2ahUKEwjGscbFlu6QAxXaj4kEHezyFUAQ6AF6BAgPEAM#v=onepage&q=alone%20together%20why%20we%20expect&f=false,blog post,article/resource,2026-02-15T06:55:20Z
https://www.nytimes.com/2025/11/11/opinion/ai-democracy-government-authoritarianism.html,blog post,article/resource,2026-02-15T06:55:20Z
https://teaching.gureckislab.org/compcogsci/,blog post,article/resource,2026-02-15T06:55:20Z
https://www.gojiberries.io/playing-with-numbers-coming-up-with-objective-ratings-of-a-subjective-real/,blog post,blog/article,2026-02-15T06:55:20Z
https://arxiv.org/pdf/2504.07081,paper,arxiv,2026-02-15T06:55:20Z
https://arxiv.org/abs/2411.02429,paper,arxiv,2026-02-15T06:55:20Z
https://arxiv.org/abs/2504.11524,paper,arxiv,2026-02-15T06:55:20Z
https://arxiv.org/pdf/2506.20803,paper,arxiv,2026-02-15T06:55:20Z
https://www.google.com/search?q=creativity+index+ai2&ie=UTF-8&oe=UTF-8&hl=en-us&client=safari&channel=31,probably not important,google search,2026-02-15T06:55:20Z
https://opencode.ai/docs,person,homepage/org,2026-02-15T06:55:20Z
https://www.theguardian.com/books/2025/nov/15/dont-argue-with-strangers-and-11-more-rules-to-survive-the-information-crisis,blog post,article/resource,2026-02-15T06:55:20Z
https://resobscura.substack.com/p/how-well-can-gemini-3-make-a-henry?r=i5f7&utm_medium=ios&triedRedirect=true,blog post,article/resource,2026-02-15T06:55:20Z
https://m.youtube.com/watch?v=oxqK52I691c&pp=0gcJCQwKAYcqIYzv,video,youtube,2026-02-15T07:03:41Z
https://yoojungchoi.github.io/files/ProbCirc20.pdf,blog post,blog/article,2026-02-15T07:03:41Z
https://dl.acm.org/doi/pdf/10.1145/3759429.3762631,paper,acm,2026-02-15T07:03:41Z
https://embraceable.ai/,person,homepage/org,2026-02-15T07:03:41Z
https://www.carl-zeiss-stiftung.de/en/project-overview/detail/interpretable-surrogates-for-efficient-analog-timeseries-forecasting,blog post,article/resource,2026-02-15T07:03:41Z
https://arxiv.org/pdf/2505.20133,paper,arxiv,2026-02-15T07:03:41Z
https://arxiv.org/abs/2410.14387,paper,arxiv,2026-02-15T07:03:41Z
https://arxiv.org/abs/2406.18403,paper,arxiv,2026-02-15T07:03:41Z
https://plato.stanford.edu/entries/justep-intext/,person,academic site,2026-02-15T07:03:41Z
https://talks.cam.ac.uk/show/index/128590,person,academic site,2026-02-15T07:03:41Z
